Component,References,Fitted,Quantity Per PCB,Description,Part Value,Manufacturer,Manufacturer PN,Label,BOM Comment,Datasheet,May substitute
1,C1-C5,Y,5,Unpolarized capacitor,0.1 uF,Murata,RCER71E104K0A2H3B,0.1 uF,,~,Y
2,D1-D11  D13-D16,N,15,"100V 0.15A standard switching diode, DO-35",Gen. Purpose/switching,Vishay,1N4148,1N4148,Install only for matrix without diodes.  Cut jumper if installed,https://assets.nexperia.com/documents/data-sheet/1N4148_1N4448.pdf,Y
3,D12,N,1,"100V 0.15A standard switching diode, DO-35",Gen. Purpose/switching,Vishay,1N4148,1N4148,Install only for matrix without diodes.  Cut jumper if installed,https://assets.nexperia.com/documents/data-sheet/1N4148_1N4448.pdf,Y
4,D17-D27,Y,11,"100V 0.15A standard switching diode, DO-35",Gen. Purpose/switching,Vishay,1N4148,1N4148,,https://assets.nexperia.com/documents/data-sheet/1N4148_1N4448.pdf,Y
5,J1-J2,Y,2,"Generic connector, single row, 01x16, script generated (kicad-library-utils/schlib/autogen/connector/)",16-pin Dual-wipe DIP socket,3M,4816-3000-CP,Apple 2 Apple 1,Install for Apple 2.  Dual Wipe recommended to reduce insertion force,~,Y
6,J5,Y,1,"Generic connector, single row, 01x06, script generated (kicad-library-utils/schlib/autogen/connector/)","2x3 0.1"" right angle header",Molex,90122-0763,ISP header,,~,Y
7,J4,Y,1,"Generic connector, single row, 01x05, script generated (kicad-library-utils/schlib/autogen/connector/)","1x5 0.1"" right angle header",Molex,22-28-8050,Outputs,,~,Y
8,J7,Y,1,"Generic connector, single row, 01x20, script generated (kicad-library-utils/schlib/autogen/connector/)","2x10 0.1"" right angle header",Molex,90122-0770,SOL-20,Install for SOL-20,~,Y
9,J3,Y,1,"Generic connector, single row, 01x04, script generated (kicad-library-utils/schlib/autogen/connector/)","1x4 0.1"" right angle header",Molex,22-28-8040,UART,Install for UART,~,Y
10,R1  R3,Y,2,"Resistor, US symbol",470,Yageo,MFR-25FTE52-470R,470,,~,Y
11,RN1,Y,1,"8 resistor network, star topology, bussed resistors, small US symbol",4.7k,Bourns,4609X-101-472LF,4.7k,,https://www.bourns.com/docs/product-datasheets/4600x.pdf?sfvrsn=92b2512c_2https://www.mouser.com/datasheet/2/54/4600x-776645.pdf,Y
12,SW1,Y,1,"8x DIP Switch, Single Pole Single Throw (SPST) switch, small symbol",8-pos DIP switch,CTS,195-8MST,Options,,~,Y
13,U5,Y,1,Hex Inverter,74LS04,Texas Instruments,SN74LS04N,74LS04,,www.ti.com/lit/ds/symlink/sn74ls04.pdf,Y
14,U3-U4,Y,2,Decoder 3 to 8 active low outputs,74LS138,Texas Instruments,SN74LS138N,74LS138,,http://www.ti.com/lit/gpn/sn74LS138,Y
15,U2,Y,1,,74LS166,Texas Instruments,SN74LS166AN,74LS166,,,Y
16,U1,Y,1,,ATmega328P,Atmel (Microchip),ATMEGA328P-PU,ATmega328P,,,N





Component Groups:,16
Component Count:,47
Fitted Components:,47
Number of PCBs:,1
Total components:,47
Schematic Version:,3.0
Schematic Date:,2022-11-15
PCB Variant:,default
BoM Date:,"Friday, November 18, 2022 at 09:12:10 AM"
Schematic Source:,interface-ascii.kicad_sch
KiCad Version:,Eeschema (6.0.8-1)-1
